Date,Emotion,CircleColor,VerseText,CircleColorHex
2025-01-01,Happiness,yellow,You have made known to me the path of life; in Your presence there is fullness of joy and eternal pleasures.,#FFF59D
2025-01-02,Anxiety,light blue,"Cast all your anxieties on Him, because He cares for you and understands every fear hidden in your heart.",#B3E5FC
2025-01-03,Gratitude,green,Enter His gates with thanksgiving and His courts with praise; give thanks to Him and bless His name for His goodness.,#A5D6A7
2025-01-04,Loneliness,purple,"Even though I walk through the valley of the shadow of death, I will fear no evil, for You are with me always.",#CE93D8
2025-01-05,Anger,red,"Be angry and do not sin; do not let the sun go down on your anger, and give no opportunity to the devil.",#EF9A9A
2025-01-06,Sadness,gray,The Lord is near to the brokenhearted and saves the crushed in spirit. He binds up every wound with His eternal love.,#E0E0E0
2025-01-07,Happiness,yellow,"This is the day the Lord has made; let us rejoice and be glad in it, for He fills us with joy.",#FFF59D
2025-01-08,Anxiety,light blue,"Cast all your anxieties on Him, because He cares for you and understands every fear hidden in your heart.",#B3E5FC
2025-01-09,Gratitude,green,"Give thanks in all circumstances, for this is the will of God in Christ Jesus for you, through every trial and triumph.",#A5D6A7
2025-01-10,Loneliness,purple,"I am with you always, even to the end of the age, says the Lord. You are never alone, not for a moment.",#CE93D8
2025-01-11,Anger,red,"A gentle answer turns away wrath, but a harsh word stirs up anger. Walk in peace and leave room for God’s justice.",#EF9A9A
2025-01-12,Sadness,gray,"Weeping may endure for a night, but joy comes in the morning. God sees your tears and holds your sorrow in His hands.",#E0E0E0
2025-01-13,Happiness,yellow,"This is the day the Lord has made; let us rejoice and be glad in it, for He fills us with joy.",#FFF59D
2025-01-14,Anxiety,light blue,"Cast all your anxieties on Him, because He cares for you and understands every fear hidden in your heart.",#B3E5FC
2025-01-15,Gratitude,green,"Give thanks in all circumstances, for this is the will of God in Christ Jesus for you, through every trial and triumph.",#A5D6A7
2025-01-16,Loneliness,purple,"Even though I walk through the valley of the shadow of death, I will fear no evil, for You are with me always.",#CE93D8
2025-01-17,Anger,red,"A gentle answer turns away wrath, but a harsh word stirs up anger. Walk in peace and leave room for God’s justice.",#EF9A9A
2025-01-18,Sadness,gray,"Weeping may endure for a night, but joy comes in the morning. God sees your tears and holds your sorrow in His hands.",#E0E0E0
2025-01-19,Happiness,yellow,"This is the day the Lord has made; let us rejoice and be glad in it, for He fills us with joy.",#FFF59D
2025-01-20,Anxiety,light blue,"Cast all your anxieties on Him, because He cares for you and understands every fear hidden in your heart.",#B3E5FC
2025-01-21,Gratitude,green,"Give thanks in all circumstances, for this is the will of God in Christ Jesus for you, through every trial and triumph.",#A5D6A7
2025-01-22,Loneliness,purple,"Even though I walk through the valley of the shadow of death, I will fear no evil, for You are with me always.",#CE93D8
2025-01-23,Anger,red,"Be angry and do not sin; do not let the sun go down on your anger, and give no opportunity to the devil.",#EF9A9A
2025-01-24,Sadness,gray,The Lord is near to the brokenhearted and saves the crushed in spirit. He binds up every wound with His eternal love.,#E0E0E0
2025-01-25,Happiness,yellow,You have made known to me the path of life; in Your presence there is fullness of joy and eternal pleasures.,#FFF59D
2025-01-26,Anxiety,light blue,"Cast all your anxieties on Him, because He cares for you and understands every fear hidden in your heart.",#B3E5FC
2025-01-27,Gratitude,green,"Give thanks in all circumstances, for this is the will of God in Christ Jesus for you, through every trial and triumph.",#A5D6A7
2025-01-28,Loneliness,purple,"I am with you always, even to the end of the age, says the Lord. You are never alone, not for a moment.",#CE93D8
2025-01-29,Anger,red,"A gentle answer turns away wrath, but a harsh word stirs up anger. Walk in peace and leave room for God’s justice.",#EF9A9A
2025-01-30,Sadness,gray,The Lord is near to the brokenhearted and saves the crushed in spirit. He binds up every wound with His eternal love.,#E0E0E0
2025-01-31,Happiness,yellow,You have made known to me the path of life; in Your presence there is fullness of joy and eternal pleasures.,#FFF59D
2025-02-01,Anxiety,light blue,"Do not be anxious about anything, but in everything by prayer and supplication with thanksgiving let your requests be made known to God.",#B3E5FC
2025-02-02,Gratitude,green,Enter His gates with thanksgiving and His courts with praise; give thanks to Him and bless His name for His goodness.,#A5D6A7
2025-02-03,Loneliness,purple,"Even though I walk through the valley of the shadow of death, I will fear no evil, for You are with me always.",#CE93D8
2025-02-04,Anger,red,"Be angry and do not sin; do not let the sun go down on your anger, and give no opportunity to the devil.",#EF9A9A
2025-02-05,Sadness,gray,"Weeping may endure for a night, but joy comes in the morning. God sees your tears and holds your sorrow in His hands.",#E0E0E0
2025-02-06,Happiness,yellow,You have made known to me the path of life; in Your presence there is fullness of joy and eternal pleasures.,#FFF59D
2025-02-07,Anxiety,light blue,"Do not be anxious about anything, but in everything by prayer and supplication with thanksgiving let your requests be made known to God.",#B3E5FC
2025-02-08,Gratitude,green,Enter His gates with thanksgiving and His courts with praise; give thanks to Him and bless His name for His goodness.,#A5D6A7
2025-02-09,Loneliness,purple,"I am with you always, even to the end of the age, says the Lord. You are never alone, not for a moment.",#CE93D8
2025-02-10,Anger,red,"A gentle answer turns away wrath, but a harsh word stirs up anger. Walk in peace and leave room for God’s justice.",#EF9A9A
2025-02-11,Sadness,gray,"Weeping may endure for a night, but joy comes in the morning. God sees your tears and holds your sorrow in His hands.",#E0E0E0
2025-02-12,Happiness,yellow,"This is the day the Lord has made; let us rejoice and be glad in it, for He fills us with joy.",#FFF59D
2025-02-13,Anxiety,light blue,"Cast all your anxieties on Him, because He cares for you and understands every fear hidden in your heart.",#B3E5FC
2025-02-14,Gratitude,green,"Give thanks in all circumstances, for this is the will of God in Christ Jesus for you, through every trial and triumph.",#A5D6A7
2025-02-15,Loneliness,purple,"Even though I walk through the valley of the shadow of death, I will fear no evil, for You are with me always.",#CE93D8
2025-02-16,Anger,red,"Be angry and do not sin; do not let the sun go down on your anger, and give no opportunity to the devil.",#EF9A9A
2025-02-17,Sadness,gray,"Weeping may endure for a night, but joy comes in the morning. God sees your tears and holds your sorrow in His hands.",#E0E0E0
2025-02-18,Happiness,yellow,You have made known to me the path of life; in Your presence there is fullness of joy and eternal pleasures.,#FFF59D
2025-02-19,Anxiety,light blue,"Do not be anxious about anything, but in everything by prayer and supplication with thanksgiving let your requests be made known to God.",#B3E5FC
2025-02-20,Gratitude,green,"Give thanks in all circumstances, for this is the will of God in Christ Jesus for you, through every trial and triumph.",#A5D6A7
2025-02-21,Loneliness,purple,"Even though I walk through the valley of the shadow of death, I will fear no evil, for You are with me always.",#CE93D8
2025-02-22,Anger,red,"A gentle answer turns away wrath, but a harsh word stirs up anger. Walk in peace and leave room for God’s justice.",#EF9A9A
2025-02-23,Sadness,gray,The Lord is near to the brokenhearted and saves the crushed in spirit. He binds up every wound with His eternal love.,#E0E0E0
2025-02-24,Happiness,yellow,"This is the day the Lord has made; let us rejoice and be glad in it, for He fills us with joy.",#FFF59D
2025-02-25,Anxiety,light blue,"Do not be anxious about anything, but in everything by prayer and supplication with thanksgiving let your requests be made known to God.",#B3E5FC
2025-02-26,Gratitude,green,"Give thanks in all circumstances, for this is the will of God in Christ Jesus for you, through every trial and triumph.",#A5D6A7
2025-02-27,Loneliness,purple,"Even though I walk through the valley of the shadow of death, I will fear no evil, for You are with me always.",#CE93D8
2025-02-28,Anger,red,"Be angry and do not sin; do not let the sun go down on your anger, and give no opportunity to the devil.",#EF9A9A
2025-03-01,Sadness,gray,"Weeping may endure for a night, but joy comes in the morning. God sees your tears and holds your sorrow in His hands.",#E0E0E0
2025-03-02,Happiness,yellow,"This is the day the Lord has made; let us rejoice and be glad in it, for He fills us with joy.",#FFF59D
2025-03-03,Anxiety,light blue,"Cast all your anxieties on Him, because He cares for you and understands every fear hidden in your heart.",#B3E5FC
2025-03-04,Gratitude,green,"Give thanks in all circumstances, for this is the will of God in Christ Jesus for you, through every trial and triumph.",#A5D6A7
2025-03-05,Loneliness,purple,"Even though I walk through the valley of the shadow of death, I will fear no evil, for You are with me always.",#CE93D8
2025-03-06,Anger,red,"Be angry and do not sin; do not let the sun go down on your anger, and give no opportunity to the devil.",#EF9A9A
2025-03-07,Sadness,gray,The Lord is near to the brokenhearted and saves the crushed in spirit. He binds up every wound with His eternal love.,#E0E0E0
2025-03-08,Happiness,yellow,You have made known to me the path of life; in Your presence there is fullness of joy and eternal pleasures.,#FFF59D
2025-03-09,Anxiety,light blue,"Do not be anxious about anything, but in everything by prayer and supplication with thanksgiving let your requests be made known to God.",#B3E5FC
2025-03-10,Gratitude,green,"Give thanks in all circumstances, for this is the will of God in Christ Jesus for you, through every trial and triumph.",#A5D6A7
2025-03-11,Loneliness,purple,"I am with you always, even to the end of the age, says the Lord. You are never alone, not for a moment.",#CE93D8
2025-03-12,Anger,red,"Be angry and do not sin; do not let the sun go down on your anger, and give no opportunity to the devil.",#EF9A9A
2025-03-13,Sadness,gray,The Lord is near to the brokenhearted and saves the crushed in spirit. He binds up every wound with His eternal love.,#E0E0E0
2025-03-14,Happiness,yellow,"This is the day the Lord has made; let us rejoice and be glad in it, for He fills us with joy.",#FFF59D
2025-03-15,Anxiety,light blue,"Do not be anxious about anything, but in everything by prayer and supplication with thanksgiving let your requests be made known to God.",#B3E5FC
2025-03-16,Gratitude,green,"Give thanks in all circumstances, for this is the will of God in Christ Jesus for you, through every trial and triumph.",#A5D6A7
2025-03-17,Loneliness,purple,"Even though I walk through the valley of the shadow of death, I will fear no evil, for You are with me always.",#CE93D8
2025-03-18,Anger,red,"Be angry and do not sin; do not let the sun go down on your anger, and give no opportunity to the devil.",#EF9A9A
2025-03-19,Sadness,gray,The Lord is near to the brokenhearted and saves the crushed in spirit. He binds up every wound with His eternal love.,#E0E0E0
2025-03-20,Happiness,yellow,You have made known to me the path of life; in Your presence there is fullness of joy and eternal pleasures.,#FFF59D
2025-03-21,Anxiety,light blue,"Do not be anxious about anything, but in everything by prayer and supplication with thanksgiving let your requests be made known to God.",#B3E5FC
2025-03-22,Gratitude,green,Enter His gates with thanksgiving and His courts with praise; give thanks to Him and bless His name for His goodness.,#A5D6A7
2025-03-23,Loneliness,purple,"I am with you always, even to the end of the age, says the Lord. You are never alone, not for a moment.",#CE93D8
2025-03-24,Anger,red,"A gentle answer turns away wrath, but a harsh word stirs up anger. Walk in peace and leave room for God’s justice.",#EF9A9A
2025-03-25,Sadness,gray,"Weeping may endure for a night, but joy comes in the morning. God sees your tears and holds your sorrow in His hands.",#E0E0E0
2025-03-26,Happiness,yellow,You have made known to me the path of life; in Your presence there is fullness of joy and eternal pleasures.,#FFF59D
2025-03-27,Anxiety,light blue,"Do not be anxious about anything, but in everything by prayer and supplication with thanksgiving let your requests be made known to God.",#B3E5FC
2025-03-28,Gratitude,green,"Give thanks in all circumstances, for this is the will of God in Christ Jesus for you, through every trial and triumph.",#A5D6A7
2025-03-29,Loneliness,purple,"I am with you always, even to the end of the age, says the Lord. You are never alone, not for a moment.",#CE93D8
2025-03-30,Anger,red,"Be angry and do not sin; do not let the sun go down on your anger, and give no opportunity to the devil.",#EF9A9A
2025-03-31,Sadness,gray,The Lord is near to the brokenhearted and saves the crushed in spirit. He binds up every wound with His eternal love.,#E0E0E0
2025-04-01,Happiness,yellow,"This is the day the Lord has made; let us rejoice and be glad in it, for He fills us with joy.",#FFF59D
2025-04-02,Anxiety,light blue,"Cast all your anxieties on Him, because He cares for you and understands every fear hidden in your heart.",#B3E5FC
2025-04-03,Gratitude,green,Enter His gates with thanksgiving and His courts with praise; give thanks to Him and bless His name for His goodness.,#A5D6A7
2025-04-04,Loneliness,purple,"I am with you always, even to the end of the age, says the Lord. You are never alone, not for a moment.",#CE93D8
2025-04-05,Anger,red,"A gentle answer turns away wrath, but a harsh word stirs up anger. Walk in peace and leave room for God’s justice.",#EF9A9A
2025-04-06,Sadness,gray,"Weeping may endure for a night, but joy comes in the morning. God sees your tears and holds your sorrow in His hands.",#E0E0E0
2025-04-07,Happiness,yellow,You have made known to me the path of life; in Your presence there is fullness of joy and eternal pleasures.,#FFF59D
2025-04-08,Anxiety,light blue,"Cast all your anxieties on Him, because He cares for you and understands every fear hidden in your heart.",#B3E5FC
2025-04-09,Gratitude,green,Enter His gates with thanksgiving and His courts with praise; give thanks to Him and bless His name for His goodness.,#A5D6A7
2025-04-10,Loneliness,purple,"I am with you always, even to the end of the age, says the Lord. You are never alone, not for a moment.",#CE93D8
2025-04-11,Anger,red,"Be angry and do not sin; do not let the sun go down on your anger, and give no opportunity to the devil.",#EF9A9A
2025-04-12,Sadness,gray,"Weeping may endure for a night, but joy comes in the morning. God sees your tears and holds your sorrow in His hands.",#E0E0E0
2025-04-13,Happiness,yellow,"This is the day the Lord has made; let us rejoice and be glad in it, for He fills us with joy.",#FFF59D
2025-04-14,Anxiety,light blue,"Cast all your anxieties on Him, because He cares for you and understands every fear hidden in your heart.",#B3E5FC
2025-04-15,Gratitude,green,"Give thanks in all circumstances, for this is the will of God in Christ Jesus for you, through every trial and triumph.",#A5D6A7
2025-04-16,Loneliness,purple,"Even though I walk through the valley of the shadow of death, I will fear no evil, for You are with me always.",#CE93D8
2025-04-17,Anger,red,"A gentle answer turns away wrath, but a harsh word stirs up anger. Walk in peace and leave room for God’s justice.",#EF9A9A
2025-04-18,Sadness,gray,"Weeping may endure for a night, but joy comes in the morning. God sees your tears and holds your sorrow in His hands.",#E0E0E0
2025-04-19,Happiness,yellow,You have made known to me the path of life; in Your presence there is fullness of joy and eternal pleasures.,#FFF59D
2025-04-20,Anxiety,light blue,"Do not be anxious about anything, but in everything by prayer and supplication with thanksgiving let your requests be made known to God.",#B3E5FC
2025-04-21,Gratitude,green,"Give thanks in all circumstances, for this is the will of God in Christ Jesus for you, through every trial and triumph.",#A5D6A7
2025-04-22,Loneliness,purple,"Even though I walk through the valley of the shadow of death, I will fear no evil, for You are with me always.",#CE93D8
2025-04-23,Anger,red,"A gentle answer turns away wrath, but a harsh word stirs up anger. Walk in peace and leave room for God’s justice.",#EF9A9A
2025-04-24,Sadness,gray,The Lord is near to the brokenhearted and saves the crushed in spirit. He binds up every wound with His eternal love.,#E0E0E0
2025-04-25,Happiness,yellow,You have made known to me the path of life; in Your presence there is fullness of joy and eternal pleasures.,#FFF59D
2025-04-26,Anxiety,light blue,"Do not be anxious about anything, but in everything by prayer and supplication with thanksgiving let your requests be made known to God.",#B3E5FC
2025-04-27,Gratitude,green,Enter His gates with thanksgiving and His courts with praise; give thanks to Him and bless His name for His goodness.,#A5D6A7
2025-04-28,Loneliness,purple,"Even though I walk through the valley of the shadow of death, I will fear no evil, for You are with me always.",#CE93D8
2025-04-29,Anger,red,"Be angry and do not sin; do not let the sun go down on your anger, and give no opportunity to the devil.",#EF9A9A
2025-04-30,Sadness,gray,"Weeping may endure for a night, but joy comes in the morning. God sees your tears and holds your sorrow in His hands.",#E0E0E0
2025-05-01,Happiness,yellow,You have made known to me the path of life; in Your presence there is fullness of joy and eternal pleasures.,#FFF59D
2025-05-02,Anxiety,light blue,"Do not be anxious about anything, but in everything by prayer and supplication with thanksgiving let your requests be made known to God.",#B3E5FC
2025-05-03,Gratitude,green,Enter His gates with thanksgiving and His courts with praise; give thanks to Him and bless His name for His goodness.,#A5D6A7
2025-05-04,Loneliness,purple,"I am with you always, even to the end of the age, says the Lord. You are never alone, not for a moment.",#CE93D8
2025-05-05,Anger,red,"Be angry and do not sin; do not let the sun go down on your anger, and give no opportunity to the devil.",#EF9A9A
2025-05-06,Sadness,gray,"Weeping may endure for a night, but joy comes in the morning. God sees your tears and holds your sorrow in His hands.",#E0E0E0
2025-05-07,Happiness,yellow,You have made known to me the path of life; in Your presence there is fullness of joy and eternal pleasures.,#FFF59D
2025-05-08,Anxiety,light blue,"Cast all your anxieties on Him, because He cares for you and understands every fear hidden in your heart.",#B3E5FC
2025-05-09,Gratitude,green,Enter His gates with thanksgiving and His courts with praise; give thanks to Him and bless His name for His goodness.,#A5D6A7
2025-05-10,Loneliness,purple,"I am with you always, even to the end of the age, says the Lord. You are never alone, not for a moment.",#CE93D8
2025-05-11,Anger,red,"Be angry and do not sin; do not let the sun go down on your anger, and give no opportunity to the devil.",#EF9A9A
2025-05-12,Sadness,gray,"Weeping may endure for a night, but joy comes in the morning. God sees your tears and holds your sorrow in His hands.",#E0E0E0
2025-05-13,Happiness,yellow,You have made known to me the path of life; in Your presence there is fullness of joy and eternal pleasures.,#FFF59D
2025-05-14,Anxiety,light blue,"Cast all your anxieties on Him, because He cares for you and understands every fear hidden in your heart.",#B3E5FC
2025-05-15,Gratitude,green,Enter His gates with thanksgiving and His courts with praise; give thanks to Him and bless His name for His goodness.,#A5D6A7
2025-05-16,Loneliness,purple,"I am with you always, even to the end of the age, says the Lord. You are never alone, not for a moment.",#CE93D8
2025-05-17,Anger,red,"A gentle answer turns away wrath, but a harsh word stirs up anger. Walk in peace and leave room for God’s justice.",#EF9A9A
2025-05-18,Sadness,gray,The Lord is near to the brokenhearted and saves the crushed in spirit. He binds up every wound with His eternal love.,#E0E0E0
2025-05-19,Happiness,yellow,"This is the day the Lord has made; let us rejoice and be glad in it, for He fills us with joy.",#FFF59D
2025-05-20,Anxiety,light blue,"Do not be anxious about anything, but in everything by prayer and supplication with thanksgiving let your requests be made known to God.",#B3E5FC
2025-05-21,Gratitude,green,Enter His gates with thanksgiving and His courts with praise; give thanks to Him and bless His name for His goodness.,#A5D6A7
2025-05-22,Loneliness,purple,"I am with you always, even to the end of the age, says the Lord. You are never alone, not for a moment.",#CE93D8
2025-05-23,Anger,red,"Be angry and do not sin; do not let the sun go down on your anger, and give no opportunity to the devil.",#EF9A9A
2025-05-24,Sadness,gray,"Weeping may endure for a night, but joy comes in the morning. God sees your tears and holds your sorrow in His hands.",#E0E0E0
2025-05-25,Happiness,yellow,You have made known to me the path of life; in Your presence there is fullness of joy and eternal pleasures.,#FFF59D
2025-05-26,Anxiety,light blue,"Do not be anxious about anything, but in everything by prayer and supplication with thanksgiving let your requests be made known to God.",#B3E5FC
2025-05-27,Gratitude,green,Enter His gates with thanksgiving and His courts with praise; give thanks to Him and bless His name for His goodness.,#A5D6A7
2025-05-28,Loneliness,purple,"Even though I walk through the valley of the shadow of death, I will fear no evil, for You are with me always.",#CE93D8
2025-05-29,Anger,red,"Be angry and do not sin; do not let the sun go down on your anger, and give no opportunity to the devil.",#EF9A9A
2025-05-30,Sadness,gray,The Lord is near to the brokenhearted and saves the crushed in spirit. He binds up every wound with His eternal love.,#E0E0E0
2025-05-31,Happiness,yellow,"This is the day the Lord has made; let us rejoice and be glad in it, for He fills us with joy.",#FFF59D
2025-06-01,Anxiety,light blue,"Cast all your anxieties on Him, because He cares for you and understands every fear hidden in your heart.",#B3E5FC
2025-06-02,Gratitude,green,Enter His gates with thanksgiving and His courts with praise; give thanks to Him and bless His name for His goodness.,#A5D6A7
2025-06-03,Loneliness,purple,"Even though I walk through the valley of the shadow of death, I will fear no evil, for You are with me always.",#CE93D8
2025-06-04,Anger,red,"Be angry and do not sin; do not let the sun go down on your anger, and give no opportunity to the devil.",#EF9A9A
2025-06-05,Sadness,gray,"Weeping may endure for a night, but joy comes in the morning. God sees your tears and holds your sorrow in His hands.",#E0E0E0
2025-06-06,Happiness,yellow,"This is the day the Lord has made; let us rejoice and be glad in it, for He fills us with joy.",#FFF59D
2025-06-07,Anxiety,light blue,"Do not be anxious about anything, but in everything by prayer and supplication with thanksgiving let your requests be made known to God.",#B3E5FC
2025-06-08,Gratitude,green,Enter His gates with thanksgiving and His courts with praise; give thanks to Him and bless His name for His goodness.,#A5D6A7
2025-06-09,Loneliness,purple,"Even though I walk through the valley of the shadow of death, I will fear no evil, for You are with me always.",#CE93D8
2025-06-10,Anger,red,"Be angry and do not sin; do not let the sun go down on your anger, and give no opportunity to the devil.",#EF9A9A
2025-06-11,Sadness,gray,"Weeping may endure for a night, but joy comes in the morning. God sees your tears and holds your sorrow in His hands.",#E0E0E0
2025-06-12,Happiness,yellow,"This is the day the Lord has made; let us rejoice and be glad in it, for He fills us with joy.",#FFF59D
2025-06-13,Anxiety,light blue,"Cast all your anxieties on Him, because He cares for you and understands every fear hidden in your heart.",#B3E5FC
2025-06-14,Gratitude,green,Enter His gates with thanksgiving and His courts with praise; give thanks to Him and bless His name for His goodness.,#A5D6A7
2025-06-15,Loneliness,purple,"Even though I walk through the valley of the shadow of death, I will fear no evil, for You are with me always.",#CE93D8
2025-06-16,Anger,red,"A gentle answer turns away wrath, but a harsh word stirs up anger. Walk in peace and leave room for God’s justice.",#EF9A9A
2025-06-17,Sadness,gray,The Lord is near to the brokenhearted and saves the crushed in spirit. He binds up every wound with His eternal love.,#E0E0E0
2025-06-18,Happiness,yellow,"This is the day the Lord has made; let us rejoice and be glad in it, for He fills us with joy.",#FFF59D
2025-06-19,Anxiety,light blue,"Do not be anxious about anything, but in everything by prayer and supplication with thanksgiving let your requests be made known to God.",#B3E5FC
2025-06-20,Gratitude,green,Enter His gates with thanksgiving and His courts with praise; give thanks to Him and bless His name for His goodness.,#A5D6A7
2025-06-21,Loneliness,purple,"I am with you always, even to the end of the age, says the Lord. You are never alone, not for a moment.",#CE93D8
2025-06-22,Anger,red,"Be angry and do not sin; do not let the sun go down on your anger, and give no opportunity to the devil.",#EF9A9A
2025-06-23,Sadness,gray,"Weeping may endure for a night, but joy comes in the morning. God sees your tears and holds your sorrow in His hands.",#E0E0E0
2025-06-24,Happiness,yellow,You have made known to me the path of life; in Your presence there is fullness of joy and eternal pleasures.,#FFF59D
2025-06-25,Anxiety,light blue,"Cast all your anxieties on Him, because He cares for you and understands every fear hidden in your heart.",#B3E5FC
2025-06-26,Gratitude,green,Enter His gates with thanksgiving and His courts with praise; give thanks to Him and bless His name for His goodness.,#A5D6A7
2025-06-27,Loneliness,purple,"Even though I walk through the valley of the shadow of death, I will fear no evil, for You are with me always.",#CE93D8
2025-06-28,Anger,red,"Be angry and do not sin; do not let the sun go down on your anger, and give no opportunity to the devil.",#EF9A9A
2025-06-29,Sadness,gray,The Lord is near to the brokenhearted and saves the crushed in spirit. He binds up every wound with His eternal love.,#E0E0E0
2025-06-30,Happiness,yellow,"This is the day the Lord has made; let us rejoice and be glad in it, for He fills us with joy.",#FFF59D
2025-07-01,Anxiety,light blue,"Cast all your anxieties on Him, because He cares for you and understands every fear hidden in your heart.",#B3E5FC
2025-07-02,Gratitude,green,Enter His gates with thanksgiving and His courts with praise; give thanks to Him and bless His name for His goodness.,#A5D6A7
2025-07-03,Loneliness,purple,"I am with you always, even to the end of the age, says the Lord. You are never alone, not for a moment.",#CE93D8
2025-07-04,Anger,red,"A gentle answer turns away wrath, but a harsh word stirs up anger. Walk in peace and leave room for God’s justice.",#EF9A9A
2025-07-05,Sadness,gray,The Lord is near to the brokenhearted and saves the crushed in spirit. He binds up every wound with His eternal love.,#E0E0E0
2025-07-06,Happiness,yellow,"This is the day the Lord has made; let us rejoice and be glad in it, for He fills us with joy.",#FFF59D
2025-07-07,Anxiety,light blue,"Do not be anxious about anything, but in everything by prayer and supplication with thanksgiving let your requests be made known to God.",#B3E5FC
2025-07-08,Gratitude,green,"Give thanks in all circumstances, for this is the will of God in Christ Jesus for you, through every trial and triumph.",#A5D6A7
2025-07-09,Loneliness,purple,"Even though I walk through the valley of the shadow of death, I will fear no evil, for You are with me always.",#CE93D8
2025-07-10,Anger,red,"Be angry and do not sin; do not let the sun go down on your anger, and give no opportunity to the devil.",#EF9A9A
2025-07-11,Sadness,gray,"Weeping may endure for a night, but joy comes in the morning. God sees your tears and holds your sorrow in His hands.",#E0E0E0
2025-07-12,Happiness,yellow,You have made known to me the path of life; in Your presence there is fullness of joy and eternal pleasures.,#FFF59D
2025-07-13,Anxiety,light blue,"Do not be anxious about anything, but in everything by prayer and supplication with thanksgiving let your requests be made known to God.",#B3E5FC
2025-07-14,Gratitude,green,"Give thanks in all circumstances, for this is the will of God in Christ Jesus for you, through every trial and triumph.",#A5D6A7
2025-07-15,Loneliness,purple,"I am with you always, even to the end of the age, says the Lord. You are never alone, not for a moment.",#CE93D8
2025-07-16,Anger,red,"Be angry and do not sin; do not let the sun go down on your anger, and give no opportunity to the devil.",#EF9A9A
2025-07-17,Sadness,gray,"Weeping may endure for a night, but joy comes in the morning. God sees your tears and holds your sorrow in His hands.",#E0E0E0
2025-07-18,Happiness,yellow,You have made known to me the path of life; in Your presence there is fullness of joy and eternal pleasures.,#FFF59D
2025-07-19,Anxiety,light blue,"Do not be anxious about anything, but in everything by prayer and supplication with thanksgiving let your requests be made known to God.",#B3E5FC
2025-07-20,Gratitude,green,"Give thanks in all circumstances, for this is the will of God in Christ Jesus for you, through every trial and triumph.",#A5D6A7
2025-07-21,Loneliness,purple,"I am with you always, even to the end of the age, says the Lord. You are never alone, not for a moment.",#CE93D8
2025-07-22,Anger,red,"Be angry and do not sin; do not let the sun go down on your anger, and give no opportunity to the devil.",#EF9A9A
2025-07-23,Sadness,gray,The Lord is near to the brokenhearted and saves the crushed in spirit. He binds up every wound with His eternal love.,#E0E0E0
2025-07-24,Happiness,yellow,You have made known to me the path of life; in Your presence there is fullness of joy and eternal pleasures.,#FFF59D
2025-07-25,Anxiety,light blue,"Do not be anxious about anything, but in everything by prayer and supplication with thanksgiving let your requests be made known to God.",#B3E5FC
2025-07-26,Gratitude,green,"Give thanks in all circumstances, for this is the will of God in Christ Jesus for you, through every trial and triumph.",#A5D6A7
2025-07-27,Loneliness,purple,"Even though I walk through the valley of the shadow of death, I will fear no evil, for You are with me always.",#CE93D8
2025-07-28,Anger,red,"Be angry and do not sin; do not let the sun go down on your anger, and give no opportunity to the devil.",#EF9A9A
2025-07-29,Sadness,gray,"Weeping may endure for a night, but joy comes in the morning. God sees your tears and holds your sorrow in His hands.",#E0E0E0
2025-07-30,Happiness,yellow,You have made known to me the path of life; in Your presence there is fullness of joy and eternal pleasures.,#FFF59D
2025-07-31,Anxiety,light blue,"Cast all your anxieties on Him, because He cares for you and understands every fear hidden in your heart.",#B3E5FC
2025-08-01,Gratitude,green,Enter His gates with thanksgiving and His courts with praise; give thanks to Him and bless His name for His goodness.,#A5D6A7
2025-08-02,Loneliness,purple,"I am with you always, even to the end of the age, says the Lord. You are never alone, not for a moment.",#CE93D8
2025-08-03,Anger,red,"A gentle answer turns away wrath, but a harsh word stirs up anger. Walk in peace and leave room for God’s justice.",#EF9A9A
2025-08-04,Sadness,gray,The Lord is near to the brokenhearted and saves the crushed in spirit. He binds up every wound with His eternal love.,#E0E0E0
2025-08-05,Happiness,yellow,You have made known to me the path of life; in Your presence there is fullness of joy and eternal pleasures.,#FFF59D
2025-08-06,Anxiety,light blue,"Cast all your anxieties on Him, because He cares for you and understands every fear hidden in your heart.",#B3E5FC
2025-08-07,Gratitude,green,Enter His gates with thanksgiving and His courts with praise; give thanks to Him and bless His name for His goodness.,#A5D6A7
2025-08-08,Loneliness,purple,"I am with you always, even to the end of the age, says the Lord. You are never alone, not for a moment.",#CE93D8
2025-08-09,Anger,red,"Be angry and do not sin; do not let the sun go down on your anger, and give no opportunity to the devil.",#EF9A9A
2025-08-10,Sadness,gray,"Weeping may endure for a night, but joy comes in the morning. God sees your tears and holds your sorrow in His hands.",#E0E0E0
2025-08-11,Happiness,yellow,"This is the day the Lord has made; let us rejoice and be glad in it, for He fills us with joy.",#FFF59D
2025-08-12,Anxiety,light blue,"Cast all your anxieties on Him, because He cares for you and understands every fear hidden in your heart.",#B3E5FC
2025-08-13,Gratitude,green,"Give thanks in all circumstances, for this is the will of God in Christ Jesus for you, through every trial and triumph.",#A5D6A7
2025-08-14,Loneliness,purple,"I am with you always, even to the end of the age, says the Lord. You are never alone, not for a moment.",#CE93D8
2025-08-15,Anger,red,"A gentle answer turns away wrath, but a harsh word stirs up anger. Walk in peace and leave room for God’s justice.",#EF9A9A
2025-08-16,Sadness,gray,The Lord is near to the brokenhearted and saves the crushed in spirit. He binds up every wound with His eternal love.,#E0E0E0
2025-08-17,Happiness,yellow,"This is the day the Lord has made; let us rejoice and be glad in it, for He fills us with joy.",#FFF59D
2025-08-18,Anxiety,light blue,"Do not be anxious about anything, but in everything by prayer and supplication with thanksgiving let your requests be made known to God.",#B3E5FC
2025-08-19,Gratitude,green,Enter His gates with thanksgiving and His courts with praise; give thanks to Him and bless His name for His goodness.,#A5D6A7
2025-08-20,Loneliness,purple,"I am with you always, even to the end of the age, says the Lord. You are never alone, not for a moment.",#CE93D8
2025-08-21,Anger,red,"Be angry and do not sin; do not let the sun go down on your anger, and give no opportunity to the devil.",#EF9A9A
2025-08-22,Sadness,gray,"Weeping may endure for a night, but joy comes in the morning. God sees your tears and holds your sorrow in His hands.",#E0E0E0
2025-08-23,Happiness,yellow,You have made known to me the path of life; in Your presence there is fullness of joy and eternal pleasures.,#FFF59D
2025-08-24,Anxiety,light blue,"Cast all your anxieties on Him, because He cares for you and understands every fear hidden in your heart.",#B3E5FC
2025-08-25,Gratitude,green,Enter His gates with thanksgiving and His courts with praise; give thanks to Him and bless His name for His goodness.,#A5D6A7
2025-08-26,Loneliness,purple,"I am with you always, even to the end of the age, says the Lord. You are never alone, not for a moment.",#CE93D8
2025-08-27,Anger,red,"A gentle answer turns away wrath, but a harsh word stirs up anger. Walk in peace and leave room for God’s justice.",#EF9A9A
2025-08-28,Sadness,gray,The Lord is near to the brokenhearted and saves the crushed in spirit. He binds up every wound with His eternal love.,#E0E0E0
2025-08-29,Happiness,yellow,You have made known to me the path of life; in Your presence there is fullness of joy and eternal pleasures.,#FFF59D
2025-08-30,Anxiety,light blue,"Do not be anxious about anything, but in everything by prayer and supplication with thanksgiving let your requests be made known to God.",#B3E5FC
2025-08-31,Gratitude,green,Enter His gates with thanksgiving and His courts with praise; give thanks to Him and bless His name for His goodness.,#A5D6A7
2025-09-01,Loneliness,purple,"I am with you always, even to the end of the age, says the Lord. You are never alone, not for a moment.",#CE93D8
2025-09-02,Anger,red,"A gentle answer turns away wrath, but a harsh word stirs up anger. Walk in peace and leave room for God’s justice.",#EF9A9A
2025-09-03,Sadness,gray,The Lord is near to the brokenhearted and saves the crushed in spirit. He binds up every wound with His eternal love.,#E0E0E0
2025-09-04,Happiness,yellow,You have made known to me the path of life; in Your presence there is fullness of joy and eternal pleasures.,#FFF59D
2025-09-05,Anxiety,light blue,"Do not be anxious about anything, but in everything by prayer and supplication with thanksgiving let your requests be made known to God.",#B3E5FC
2025-09-06,Gratitude,green,Enter His gates with thanksgiving and His courts with praise; give thanks to Him and bless His name for His goodness.,#A5D6A7
2025-09-07,Loneliness,purple,"I am with you always, even to the end of the age, says the Lord. You are never alone, not for a moment.",#CE93D8
2025-09-08,Anger,red,"A gentle answer turns away wrath, but a harsh word stirs up anger. Walk in peace and leave room for God’s justice.",#EF9A9A
2025-09-09,Sadness,gray,"Weeping may endure for a night, but joy comes in the morning. God sees your tears and holds your sorrow in His hands.",#E0E0E0
2025-09-10,Happiness,yellow,"This is the day the Lord has made; let us rejoice and be glad in it, for He fills us with joy.",#FFF59D
2025-09-11,Anxiety,light blue,"Cast all your anxieties on Him, because He cares for you and understands every fear hidden in your heart.",#B3E5FC
2025-09-12,Gratitude,green,"Give thanks in all circumstances, for this is the will of God in Christ Jesus for you, through every trial and triumph.",#A5D6A7
2025-09-13,Loneliness,purple,"Even though I walk through the valley of the shadow of death, I will fear no evil, for You are with me always.",#CE93D8
2025-09-14,Anger,red,"A gentle answer turns away wrath, but a harsh word stirs up anger. Walk in peace and leave room for God’s justice.",#EF9A9A
2025-09-15,Sadness,gray,The Lord is near to the brokenhearted and saves the crushed in spirit. He binds up every wound with His eternal love.,#E0E0E0
2025-09-16,Happiness,yellow,"This is the day the Lord has made; let us rejoice and be glad in it, for He fills us with joy.",#FFF59D
2025-09-17,Anxiety,light blue,"Do not be anxious about anything, but in everything by prayer and supplication with thanksgiving let your requests be made known to God.",#B3E5FC
2025-09-18,Gratitude,green,"Give thanks in all circumstances, for this is the will of God in Christ Jesus for you, through every trial and triumph.",#A5D6A7
2025-09-19,Loneliness,purple,"Even though I walk through the valley of the shadow of death, I will fear no evil, for You are with me always.",#CE93D8
2025-09-20,Anger,red,"Be angry and do not sin; do not let the sun go down on your anger, and give no opportunity to the devil.",#EF9A9A
2025-09-21,Sadness,gray,"Weeping may endure for a night, but joy comes in the morning. God sees your tears and holds your sorrow in His hands.",#E0E0E0
2025-09-22,Happiness,yellow,You have made known to me the path of life; in Your presence there is fullness of joy and eternal pleasures.,#FFF59D
2025-09-23,Anxiety,light blue,"Do not be anxious about anything, but in everything by prayer and supplication with thanksgiving let your requests be made known to God.",#B3E5FC
2025-09-24,Gratitude,green,Enter His gates with thanksgiving and His courts with praise; give thanks to Him and bless His name for His goodness.,#A5D6A7
2025-09-25,Loneliness,purple,"Even though I walk through the valley of the shadow of death, I will fear no evil, for You are with me always.",#CE93D8
2025-09-26,Anger,red,"A gentle answer turns away wrath, but a harsh word stirs up anger. Walk in peace and leave room for God’s justice.",#EF9A9A
2025-09-27,Sadness,gray,"Weeping may endure for a night, but joy comes in the morning. God sees your tears and holds your sorrow in His hands.",#E0E0E0
2025-09-28,Happiness,yellow,You have made known to me the path of life; in Your presence there is fullness of joy and eternal pleasures.,#FFF59D
2025-09-29,Anxiety,light blue,"Cast all your anxieties on Him, because He cares for you and understands every fear hidden in your heart.",#B3E5FC
2025-09-30,Gratitude,green,"Give thanks in all circumstances, for this is the will of God in Christ Jesus for you, through every trial and triumph.",#A5D6A7
2025-10-01,Loneliness,purple,"I am with you always, even to the end of the age, says the Lord. You are never alone, not for a moment.",#CE93D8
2025-10-02,Anger,red,"Be angry and do not sin; do not let the sun go down on your anger, and give no opportunity to the devil.",#EF9A9A
2025-10-03,Sadness,gray,"Weeping may endure for a night, but joy comes in the morning. God sees your tears and holds your sorrow in His hands.",#E0E0E0
2025-10-04,Happiness,yellow,You have made known to me the path of life; in Your presence there is fullness of joy and eternal pleasures.,#FFF59D
2025-10-05,Anxiety,light blue,"Do not be anxious about anything, but in everything by prayer and supplication with thanksgiving let your requests be made known to God.",#B3E5FC
2025-10-06,Gratitude,green,"Give thanks in all circumstances, for this is the will of God in Christ Jesus for you, through every trial and triumph.",#A5D6A7
2025-10-07,Loneliness,purple,"Even though I walk through the valley of the shadow of death, I will fear no evil, for You are with me always.",#CE93D8
2025-10-08,Anger,red,"Be angry and do not sin; do not let the sun go down on your anger, and give no opportunity to the devil.",#EF9A9A
2025-10-09,Sadness,gray,The Lord is near to the brokenhearted and saves the crushed in spirit. He binds up every wound with His eternal love.,#E0E0E0
2025-10-10,Happiness,yellow,You have made known to me the path of life; in Your presence there is fullness of joy and eternal pleasures.,#FFF59D
2025-10-11,Anxiety,light blue,"Do not be anxious about anything, but in everything by prayer and supplication with thanksgiving let your requests be made known to God.",#B3E5FC
2025-10-12,Gratitude,green,Enter His gates with thanksgiving and His courts with praise; give thanks to Him and bless His name for His goodness.,#A5D6A7
2025-10-13,Loneliness,purple,"I am with you always, even to the end of the age, says the Lord. You are never alone, not for a moment.",#CE93D8
2025-10-14,Anger,red,"Be angry and do not sin; do not let the sun go down on your anger, and give no opportunity to the devil.",#EF9A9A
2025-10-15,Sadness,gray,The Lord is near to the brokenhearted and saves the crushed in spirit. He binds up every wound with His eternal love.,#E0E0E0
2025-10-16,Happiness,yellow,"This is the day the Lord has made; let us rejoice and be glad in it, for He fills us with joy.",#FFF59D
2025-10-17,Anxiety,light blue,"Do not be anxious about anything, but in everything by prayer and supplication with thanksgiving let your requests be made known to God.",#B3E5FC
2025-10-18,Gratitude,green,Enter His gates with thanksgiving and His courts with praise; give thanks to Him and bless His name for His goodness.,#A5D6A7
2025-10-19,Loneliness,purple,"Even though I walk through the valley of the shadow of death, I will fear no evil, for You are with me always.",#CE93D8
2025-10-20,Anger,red,"A gentle answer turns away wrath, but a harsh word stirs up anger. Walk in peace and leave room for God’s justice.",#EF9A9A
2025-10-21,Sadness,gray,"Weeping may endure for a night, but joy comes in the morning. God sees your tears and holds your sorrow in His hands.",#E0E0E0
2025-10-22,Happiness,yellow,You have made known to me the path of life; in Your presence there is fullness of joy and eternal pleasures.,#FFF59D
2025-10-23,Anxiety,light blue,"Cast all your anxieties on Him, because He cares for you and understands every fear hidden in your heart.",#B3E5FC
2025-10-24,Gratitude,green,Enter His gates with thanksgiving and His courts with praise; give thanks to Him and bless His name for His goodness.,#A5D6A7
2025-10-25,Loneliness,purple,"I am with you always, even to the end of the age, says the Lord. You are never alone, not for a moment.",#CE93D8
2025-10-26,Anger,red,"Be angry and do not sin; do not let the sun go down on your anger, and give no opportunity to the devil.",#EF9A9A
2025-10-27,Sadness,gray,"Weeping may endure for a night, but joy comes in the morning. God sees your tears and holds your sorrow in His hands.",#E0E0E0
2025-10-28,Happiness,yellow,"This is the day the Lord has made; let us rejoice and be glad in it, for He fills us with joy.",#FFF59D
2025-10-29,Anxiety,light blue,"Do not be anxious about anything, but in everything by prayer and supplication with thanksgiving let your requests be made known to God.",#B3E5FC
2025-10-30,Gratitude,green,"Give thanks in all circumstances, for this is the will of God in Christ Jesus for you, through every trial and triumph.",#A5D6A7
2025-10-31,Loneliness,purple,"Even though I walk through the valley of the shadow of death, I will fear no evil, for You are with me always.",#CE93D8
2025-11-01,Anger,red,"Be angry and do not sin; do not let the sun go down on your anger, and give no opportunity to the devil.",#EF9A9A
2025-11-02,Sadness,gray,The Lord is near to the brokenhearted and saves the crushed in spirit. He binds up every wound with His eternal love.,#E0E0E0
2025-11-03,Happiness,yellow,You have made known to me the path of life; in Your presence there is fullness of joy and eternal pleasures.,#FFF59D
2025-11-04,Anxiety,light blue,"Do not be anxious about anything, but in everything by prayer and supplication with thanksgiving let your requests be made known to God.",#B3E5FC
2025-11-05,Gratitude,green,"Give thanks in all circumstances, for this is the will of God in Christ Jesus for you, through every trial and triumph.",#A5D6A7
2025-11-06,Loneliness,purple,"I am with you always, even to the end of the age, says the Lord. You are never alone, not for a moment.",#CE93D8
2025-11-07,Anger,red,"A gentle answer turns away wrath, but a harsh word stirs up anger. Walk in peace and leave room for God’s justice.",#EF9A9A
2025-11-08,Sadness,gray,The Lord is near to the brokenhearted and saves the crushed in spirit. He binds up every wound with His eternal love.,#E0E0E0
2025-11-09,Happiness,yellow,"This is the day the Lord has made; let us rejoice and be glad in it, for He fills us with joy.",#FFF59D
2025-11-10,Anxiety,light blue,"Cast all your anxieties on Him, because He cares for you and understands every fear hidden in your heart.",#B3E5FC
2025-11-11,Gratitude,green,"Give thanks in all circumstances, for this is the will of God in Christ Jesus for you, through every trial and triumph.",#A5D6A7
2025-11-12,Loneliness,purple,"I am with you always, even to the end of the age, says the Lord. You are never alone, not for a moment.",#CE93D8
2025-11-13,Anger,red,"A gentle answer turns away wrath, but a harsh word stirs up anger. Walk in peace and leave room for God’s justice.",#EF9A9A
2025-11-14,Sadness,gray,"Weeping may endure for a night, but joy comes in the morning. God sees your tears and holds your sorrow in His hands.",#E0E0E0
2025-11-15,Happiness,yellow,"This is the day the Lord has made; let us rejoice and be glad in it, for He fills us with joy.",#FFF59D
2025-11-16,Anxiety,light blue,"Do not be anxious about anything, but in everything by prayer and supplication with thanksgiving let your requests be made known to God.",#B3E5FC
2025-11-17,Gratitude,green,"Give thanks in all circumstances, for this is the will of God in Christ Jesus for you, through every trial and triumph.",#A5D6A7
2025-11-18,Loneliness,purple,"I am with you always, even to the end of the age, says the Lord. You are never alone, not for a moment.",#CE93D8
2025-11-19,Anger,red,"Be angry and do not sin; do not let the sun go down on your anger, and give no opportunity to the devil.",#EF9A9A
2025-11-20,Sadness,gray,The Lord is near to the brokenhearted and saves the crushed in spirit. He binds up every wound with His eternal love.,#E0E0E0
2025-11-21,Happiness,yellow,"This is the day the Lord has made; let us rejoice and be glad in it, for He fills us with joy.",#FFF59D
2025-11-22,Anxiety,light blue,"Do not be anxious about anything, but in everything by prayer and supplication with thanksgiving let your requests be made known to God.",#B3E5FC
2025-11-23,Gratitude,green,"Give thanks in all circumstances, for this is the will of God in Christ Jesus for you, through every trial and triumph.",#A5D6A7
2025-11-24,Loneliness,purple,"Even though I walk through the valley of the shadow of death, I will fear no evil, for You are with me always.",#CE93D8
2025-11-25,Anger,red,"Be angry and do not sin; do not let the sun go down on your anger, and give no opportunity to the devil.",#EF9A9A
2025-11-26,Sadness,gray,"Weeping may endure for a night, but joy comes in the morning. God sees your tears and holds your sorrow in His hands.",#E0E0E0
2025-11-27,Happiness,yellow,"This is the day the Lord has made; let us rejoice and be glad in it, for He fills us with joy.",#FFF59D
2025-11-28,Anxiety,light blue,"Cast all your anxieties on Him, because He cares for you and understands every fear hidden in your heart.",#B3E5FC
2025-11-29,Gratitude,green,Enter His gates with thanksgiving and His courts with praise; give thanks to Him and bless His name for His goodness.,#A5D6A7
2025-11-30,Loneliness,purple,"I am with you always, even to the end of the age, says the Lord. You are never alone, not for a moment.",#CE93D8
2025-12-01,Anger,red,"Be angry and do not sin; do not let the sun go down on your anger, and give no opportunity to the devil.",#EF9A9A
2025-12-02,Sadness,gray,"Weeping may endure for a night, but joy comes in the morning. God sees your tears and holds your sorrow in His hands.",#E0E0E0
2025-12-03,Happiness,yellow,"This is the day the Lord has made; let us rejoice and be glad in it, for He fills us with joy.",#FFF59D
2025-12-04,Anxiety,light blue,"Do not be anxious about anything, but in everything by prayer and supplication with thanksgiving let your requests be made known to God.",#B3E5FC
2025-12-05,Gratitude,green,Enter His gates with thanksgiving and His courts with praise; give thanks to Him and bless His name for His goodness.,#A5D6A7
2025-12-06,Loneliness,purple,"I am with you always, even to the end of the age, says the Lord. You are never alone, not for a moment.",#CE93D8
2025-12-07,Anger,red,"Be angry and do not sin; do not let the sun go down on your anger, and give no opportunity to the devil.",#EF9A9A
2025-12-08,Sadness,gray,The Lord is near to the brokenhearted and saves the crushed in spirit. He binds up every wound with His eternal love.,#E0E0E0
2025-12-09,Happiness,yellow,"This is the day the Lord has made; let us rejoice and be glad in it, for He fills us with joy.",#FFF59D
2025-12-10,Anxiety,light blue,"Do not be anxious about anything, but in everything by prayer and supplication with thanksgiving let your requests be made known to God.",#B3E5FC
2025-12-11,Gratitude,green,Enter His gates with thanksgiving and His courts with praise; give thanks to Him and bless His name for His goodness.,#A5D6A7
2025-12-12,Loneliness,purple,"Even though I walk through the valley of the shadow of death, I will fear no evil, for You are with me always.",#CE93D8
2025-12-13,Anger,red,"Be angry and do not sin; do not let the sun go down on your anger, and give no opportunity to the devil.",#EF9A9A
2025-12-14,Sadness,gray,"Weeping may endure for a night, but joy comes in the morning. God sees your tears and holds your sorrow in His hands.",#E0E0E0
2025-12-15,Happiness,yellow,You have made known to me the path of life; in Your presence there is fullness of joy and eternal pleasures.,#FFF59D
2025-12-16,Anxiety,light blue,"Cast all your anxieties on Him, because He cares for you and understands every fear hidden in your heart.",#B3E5FC
2025-12-17,Gratitude,green,Enter His gates with thanksgiving and His courts with praise; give thanks to Him and bless His name for His goodness.,#A5D6A7
2025-12-18,Loneliness,purple,"Even though I walk through the valley of the shadow of death, I will fear no evil, for You are with me always.",#CE93D8
2025-12-19,Anger,red,"Be angry and do not sin; do not let the sun go down on your anger, and give no opportunity to the devil.",#EF9A9A
2025-12-20,Sadness,gray,"Weeping may endure for a night, but joy comes in the morning. God sees your tears and holds your sorrow in His hands.",#E0E0E0
2025-12-21,Happiness,yellow,You have made known to me the path of life; in Your presence there is fullness of joy and eternal pleasures.,#FFF59D
2025-12-22,Anxiety,light blue,"Cast all your anxieties on Him, because He cares for you and understands every fear hidden in your heart.",#B3E5FC
2025-12-23,Gratitude,green,Enter His gates with thanksgiving and His courts with praise; give thanks to Him and bless His name for His goodness.,#A5D6A7
2025-12-24,Loneliness,purple,"I am with you always, even to the end of the age, says the Lord. You are never alone, not for a moment.",#CE93D8
2025-12-25,Anger,red,"Be angry and do not sin; do not let the sun go down on your anger, and give no opportunity to the devil.",#EF9A9A
2025-12-26,Sadness,gray,"Weeping may endure for a night, but joy comes in the morning. God sees your tears and holds your sorrow in His hands.",#E0E0E0
2025-12-27,Happiness,yellow,"This is the day the Lord has made; let us rejoice and be glad in it, for He fills us with joy.",#FFF59D
2025-12-28,Anxiety,light blue,"Do not be anxious about anything, but in everything by prayer and supplication with thanksgiving let your requests be made known to God.",#B3E5FC
2025-12-29,Gratitude,green,Enter His gates with thanksgiving and His courts with praise; give thanks to Him and bless His name for His goodness.,#A5D6A7
2025-12-30,Loneliness,purple,"I am with you always, even to the end of the age, says the Lord. You are never alone, not for a moment.",#CE93D8
2025-12-31,Anger,red,"A gentle answer turns away wrath, but a harsh word stirs up anger. Walk in peace and leave room for God’s justice.",#EF9A9A
